{"train_acc": [0.38121047877145436, 0.6278229448961157, 0.7407407407407407, 0.8184281842818428, 0.8708220415537489, 0.9114724480578139, 0.9186991869918699, 0.9394760614272809, 0.957542908762421, 0.9701897018970189], "test_acc": [0.5981735159817352, 0.7420091324200914, 0.8401826484018264, 0.8812785388127854, 0.906392694063927, 0.9452054794520548, 0.95662100456621, 0.9771689497716894, 0.9885844748858448, 0.9885844748858448]}