{"train_acc": [0.38121047877145436, 0.6278229448961157, 0.7407407407407407, 0.8184281842818428, 0.8708220415537489, 0.9114724480578139, 0.9186991869918699, 0.9394760614272809, 0.957542908762421, 0.9701897018970189, 0.6205962059620597, 0.8952122854561879, 0.952122854561879, 0.978319783197832, 0.978319783197832, 0.987353206865402, 0.991869918699187, 0.986449864498645, 0.992773261065944, 0.992773261065944, 0.36585365853658536, 0.6928635953026197, 0.8148148148148148, 0.8717253839205059, 0.9177958446251129, 0.950316169828365, 0.9629629629629629, 0.967479674796748, 0.988256549232159, 0.981029810298103, 0.4173441734417344, 0.7795844625112918, 0.8762420957542909, 0.926829268292683, 0.964769647696477, 0.980126467931346, 0.99096657633243, 0.996386630532972, 0.999096657633243, 0.998193315266486, 0.6982836495031617, 0.990063233965673, 0.999096657633243, 1.0, 0.999096657633243, 0.998193315266486, 1.0, 1.0, 1.0, 1.0], "test_acc": [0.5981735159817352, 0.7420091324200914, 0.8401826484018264, 0.8812785388127854, 0.906392694063927, 0.9452054794520548, 0.95662100456621, 0.9771689497716894, 0.9885844748858448, 0.9885844748858448, 0.8721461187214612, 0.95662100456621, 0.9794520547945206, 0.9863013698630136, 0.9908675799086758, 0.9908675799086758, 0.9863013698630136, 0.9931506849315068, 0.9954337899543378, 0.9908675799086758, 0.6461187214611872, 0.8082191780821918, 0.865296803652968, 0.9018264840182648, 0.9452054794520548, 0.9726027397260274, 0.9863013698630136, 0.9908675799086758, 0.997716894977169, 0.997716894977169, 0.7534246575342466, 0.8881278538812786, 0.9155251141552512, 0.958904109589041, 0.9726027397260274, 0.9863013698630136, 0.997716894977169, 0.9931506849315068, 0.997716894977169, 0.997716894977169, 0.9794520547945206, 0.9908675799086758, 0.9908675799086758, 0.9931506849315068, 0.9885844748858448, 0.9954337899543378, 0.997716894977169, 0.9954337899543378, 0.9954337899543378, 0.9931506849315068]}